claim_id,score
WC711348,0.53675
WC711349,0.067027
WC711350,0.164338
WC711351,0.046538
WC711352,0.040788
WC711353,0.033102
WC711354,0.124863
WC711355,0.046184
WC711356,0.160055
WC711357,0.185142
WC711358,0.069362
WC711359,0.121799
WC711360,0.049093
WC711361,0.105101
WC711362,0.876385
WC711363,0.103607
WC711364,0.100354
WC711365,0.101175
WC711366,0.099979
WC711367,0.113596
WC711368,0.027487
WC711369,0.060133
WC711370,0.140542
WC711371,0.939757
WC711372,0.043379
WC711373,0.091597
WC711374,0.029939
WC711375,0.613037
WC711376,0.038014
WC711377,0.385195
WC711378,0.080389
WC711379,0.036789
WC711380,0.02811
WC711381,0.426548
WC711382,0.376556
WC711383,0.861829
WC711384,0.122709
WC711385,0.121924
WC711386,0.112496
WC711387,0.031987
WC711388,0.317338
WC711389,0.907758
WC711390,0.02348
WC711391,0.032379
WC711392,0.248057
WC711393,0.249011
WC711394,0.13234
WC711395,0.049464
WC711396,0.029556
WC711397,0.070791
WC711398,0.057241
WC711399,0.069899
WC711400,0.029795
WC711401,0.025036
WC711402,0.031303
WC711403,0.029338
WC711404,0.044526
WC711405,0.044482
WC711406,0.114662
WC711407,0.885862
WC711408,0.032535
WC711409,0.956401
WC711410,0.976736
WC711411,0.141237
WC711412,0.026934
WC711413,0.016356
WC711414,0.0663
WC711415,0.104646
WC711416,0.116475
WC711417,0.053011
WC711418,0.997821
WC711419,0.028592
WC711420,0.939752
WC711421,0.029454
WC711422,0.039815
WC711423,0.022984
WC711424,0.059829
WC711425,0.058298
WC711426,0.051004
WC711427,0.973853
WC711428,0.027245
WC711429,0.229886
WC711430,0.040962
WC711431,0.03596
WC711432,0.034481
WC711433,0.028103
WC711434,0.034887
WC711435,0.028019
WC711436,0.121057
WC711437,0.043324
WC711438,0.042329
WC711439,0.05629
WC711440,0.038739
WC711441,0.112354
WC711442,0.135909
WC711443,0.869642
WC711444,0.177165
WC711445,0.310073
WC711446,0.027982
WC711447,0.051631
WC711448,0.39358
WC711449,0.29036
WC711450,0.248918
WC711451,0.136416
WC711452,0.033429
WC711453,0.074518
WC711454,0.826022
WC711455,0.87529
WC711456,0.284102
WC711457,0.318234
WC711458,0.053246
WC711459,0.162624
WC711460,0.049816
WC711461,0.039418
WC711462,0.20978
WC711463,0.178141
WC711464,0.305816
WC711465,0.086675
WC711466,0.434757
WC711467,0.991357
WC711468,0.922333
WC711469,0.868492
WC711470,0.039245
WC711471,0.936041
WC711472,0.076136
WC711473,0.018615
WC711474,0.026793
WC711475,0.023531
WC711476,0.025854
WC711477,0.099064
WC711478,0.031692
WC711479,0.523619
WC711480,0.474161
WC711481,0.032419
WC711482,0.184039
WC711483,0.288569
WC711484,0.135875
WC711485,0.030236
WC711486,0.023607
WC711487,0.166616
WC711488,0.041115
WC711489,0.024974
WC711490,0.033185
WC711491,0.075509
WC711492,0.027194
WC711493,0.437158
WC711494,0.02637
WC711495,0.028144
WC711496,0.992875
WC711497,0.993711
WC711498,0.048119
WC711499,0.169873
WC711500,0.028156
WC711501,0.876082
WC711502,0.024623
WC711503,0.894263
WC711504,0.224072
WC711505,0.096554
WC711506,0.282986
WC711507,0.041399
WC711508,0.026031
WC711509,0.133302
WC711510,0.713466
WC711511,0.26736
WC711512,0.05525
WC711513,0.189652
WC711514,0.152317
WC711515,0.027322
WC711516,0.44937
WC711517,0.028296
WC711518,0.200648
WC711519,0.802571
WC711520,0.034545
WC711521,0.041832
WC711522,0.124511
WC711523,0.030661
WC711524,0.073981
WC711525,0.096134
WC711526,0.103681
WC711527,0.042669
WC711528,0.12477
WC711529,0.124209
WC711530,0.181134
WC711531,0.064743
WC711532,0.90426
WC711533,0.023835
WC711534,0.139334
WC711535,0.029209
WC711536,0.036832
WC711537,0.049253
WC711538,0.896433
WC711539,0.290108
WC711540,0.313869
WC711541,0.032857
WC711542,0.022835
WC711543,0.142971
WC711544,0.045298
WC711545,0.182558
WC711546,0.028325
WC711547,0.070095
WC711548,0.171851
WC711549,0.044956
WC711550,0.344728
WC711551,0.163509
WC711552,0.90736
WC711553,0.026093
WC711554,0.201761
WC711555,0.333673
WC711556,0.021001
WC711557,0.0595
WC711558,0.073145
WC711559,0.069961
WC711560,0.856488
WC711561,0.080449
WC711562,0.052684
WC711563,0.925888
WC711564,0.429401
WC711565,0.316256
WC711566,0.994886
WC711567,0.905653
WC711568,0.032467
WC711569,0.023102
WC711570,0.995345
WC711571,0.998094
WC711572,0.089304
WC711573,0.084502
WC711574,0.050659
WC711575,0.030646
WC711576,0.066098
WC711577,0.027496
WC711578,0.139762
WC711579,0.023952
WC711580,0.119342
WC711581,0.053603
WC711582,0.153411
WC711583,0.992184
WC711584,0.079795
WC711585,0.06162
WC711586,0.171098
WC711587,0.054291
WC711588,0.358456
WC711589,0.065612
WC711590,0.255732
WC711591,0.026751
WC711592,0.121504
WC711593,0.029763
WC711594,0.044323
WC711595,0.069758
WC711596,0.55509
WC711597,0.02197
WC711598,0.038119
WC711599,0.16421
WC711600,0.136059
WC711601,0.80172
WC711602,0.060605
WC711603,0.133126
WC711604,0.946698
WC711605,0.114621
WC711606,0.905472
WC711607,0.059189
WC711608,0.928955
WC711609,0.02029
WC711610,0.242874
WC711611,0.042514
WC711612,0.042133
WC711613,0.033477
WC711614,0.046033
WC711615,0.392977
WC711616,0.123457
WC711617,0.041926
WC711618,0.089094
WC711619,0.430406
WC711620,0.031707
WC711621,0.054562
WC711622,0.03021
WC711623,0.05746
WC711624,0.436238
WC711625,0.950372
WC711626,0.886644
WC711627,0.276864
WC711628,0.420288
WC711629,0.021334
WC711630,0.293718
WC711631,0.02568
WC711632,0.814888
WC711633,0.147208
WC711634,0.197759
WC711635,0.033895
WC711636,0.168328
WC711637,0.130853
WC711638,0.130957
WC711639,0.129444
WC711640,0.116801
WC711641,0.020551
WC711642,0.114345
WC711643,0.211129
WC711644,0.140887
WC711645,0.05322
WC711646,0.040669
WC711647,0.559538
WC711648,0.030313
WC711649,0.258345
WC711650,0.280618
WC711651,0.02321
WC711652,0.056403
WC711653,0.135217
WC711654,0.031909
WC711655,0.102655
WC711656,0.028672
WC711657,0.4344
WC711658,0.996772
WC711659,0.942382
WC711660,0.065432
WC711661,0.256435
WC711662,0.056547
WC711663,0.025045
WC711664,0.979086
WC711665,0.127351
WC711666,0.042971
WC711667,0.836739
WC711668,0.11781
WC711669,0.15305
WC711670,0.99505
WC711671,0.194842
WC711672,0.169596
WC711673,0.112925
WC711674,0.033738
WC711675,0.045232
WC711676,0.054397
WC711677,0.042389
WC711678,0.259825
WC711679,0.034972
WC711680,0.029862
WC711681,0.393476
WC711682,0.575703
WC711683,0.20765
WC711684,0.038695
WC711685,0.187203
WC711686,0.993986
WC711687,0.147343
WC711688,0.058572
WC711689,0.899437
WC711690,0.283139
WC711691,0.146431
WC711692,0.871475
WC711693,0.37067
WC711694,0.062617
WC711695,0.085225
WC711696,0.045948
WC711697,0.364328
WC711698,0.107356
WC711699,0.033711
WC711700,0.031371
WC711701,0.980432
WC711702,0.027615
WC711703,0.991159
WC711704,0.497751
WC711705,0.180832
WC711706,0.939741
WC711707,0.037386
WC711708,0.033037
WC711709,0.026764
WC711710,0.09375
WC711711,0.076055
WC711712,0.134045
WC711713,0.237283
WC711714,0.174349
WC711715,0.03965
WC711716,0.025152
WC711717,0.066413
WC711718,0.030063
WC711719,0.076602
WC711720,0.027549
WC711721,0.130977
WC711722,0.027322
WC711723,0.079652
WC711724,0.886542
WC711725,0.227685
WC711726,0.932306
WC711727,0.056848
WC711728,0.026111
WC711729,0.429583
WC711730,0.060424
WC711731,0.031987
WC711732,0.063388
WC711733,0.28813
WC711734,0.110889
WC711735,0.054621
WC711736,0.021045
WC711737,0.046515
WC711738,0.124092
WC711739,0.077681
WC711740,0.420632
WC711741,0.028684
WC711742,0.029532
WC711743,0.02891
WC711744,0.118003
WC711745,0.055069
WC711746,0.021876
WC711747,0.102565
WC711748,0.028114
WC711749,0.027142
WC711750,0.051343
WC711751,0.3083
WC711752,0.996685
WC711753,0.12978
WC711754,0.031687
WC711755,0.934018
WC711756,0.028563
WC711757,0.169603
WC711758,0.03814
WC711759,0.231942
WC711760,0.13552
WC711761,0.119868
WC711762,0.083085
WC711763,0.042315
WC711764,0.08447
WC711765,0.340733
WC711766,0.13919
WC711767,0.99503
WC711768,0.908074
WC711769,0.209514
WC711770,0.217309
WC711771,0.275362
WC711772,0.046977
WC711773,0.118458
WC711774,0.895889
WC711775,0.861675
WC711776,0.028646
WC711777,0.058714
WC711778,0.04119
WC711779,0.340369
WC711780,0.045729
WC711781,0.03849
WC711782,0.83592
WC711783,0.029117
WC711784,0.03064
WC711785,0.87386
WC711786,0.03534
WC711787,0.055414
WC711788,0.047581
WC711789,0.027385
WC711790,0.205169
WC711791,0.350802
WC711792,0.022617
WC711793,0.027925
WC711794,0.93562
WC711795,0.907753
WC711796,0.037428
WC711797,0.021714
WC711798,0.020886
WC711799,0.021979
WC711800,0.861702
WC711801,0.074961
WC711802,0.881983
WC711803,0.224816
WC711804,0.03481
WC711805,0.290158
WC711806,0.958031
WC711807,0.455345
WC711808,0.025185
WC711809,0.038715
WC711810,0.996442
WC711811,0.149375
WC711812,0.061777
WC711813,0.019357
WC711814,0.028978
WC711815,0.030602
WC711816,0.152847
WC711817,0.122619
WC711818,0.997408
WC711819,0.022998
WC711820,0.906592
WC711821,0.029084
WC711822,0.092536
WC711823,0.966717
WC711824,0.031755
WC711825,0.035458
WC711826,0.180811
WC711827,0.491572
WC711828,0.028533
WC711829,0.037191
WC711830,0.030354
WC711831,0.030273
WC711832,0.112045
WC711833,0.031385
WC711834,0.418562
WC711835,0.208243
WC711836,0.048062
WC711837,0.118411
WC711838,0.022376
WC711839,0.065252
WC711840,0.391668
WC711841,0.025493
WC711842,0.016714
WC711843,0.069262
WC711844,0.061339
WC711845,0.04908
WC711846,0.334234
WC711847,0.052995
WC711848,0.275196
WC711849,0.025486
WC711850,0.067095
WC711851,0.032495
WC711852,0.067445
WC711853,0.039844
WC711854,0.058127
WC711855,0.328893
WC711856,0.068681
WC711857,0.031192
WC711858,0.22064
WC711859,0.038791
WC711860,0.952932
WC711861,0.996044
WC711862,0.339934
WC711863,0.048423
WC711864,0.0377
WC711865,0.87093
WC711866,0.370199
WC711867,0.951044
WC711868,0.081916
WC711869,0.287637
WC711870,0.056823
WC711871,0.116345
WC711872,0.160849
WC711873,0.022359
WC711874,0.244153
WC711875,0.053444
WC711876,0.033337
WC711877,0.03164
WC711878,0.081489
WC711879,0.506153
WC711880,0.033174
WC711881,0.135655
WC711882,0.034586
WC711883,0.029698
WC711884,0.07696
WC711885,0.059169
WC711886,0.12371
WC711887,0.999192
WC711888,0.952714
WC711889,0.106557
WC711890,0.031236
WC711891,0.157356
WC711892,0.03152
WC711893,0.027474
WC711894,0.098126
WC711895,0.043125
WC711896,0.034478
WC711897,0.888541
WC711898,0.078774
WC711899,0.025363
WC711900,0.036177
WC711901,0.129043
WC711902,0.090556
WC711903,0.112956
WC711904,0.046742
WC711905,0.051017
WC711906,0.028512
WC711907,0.992064
WC711908,0.997018
WC711909,0.030346
WC711910,0.028887
WC711911,0.148828
WC711912,0.100049
WC711913,0.051318
WC711914,0.377529
WC711915,0.044997
WC711916,0.037252
WC711917,0.922457
WC711918,0.174045
WC711919,0.020149
WC711920,0.133456
WC711921,0.023855
WC711922,0.40584
WC711923,0.03101
WC711924,0.254863
WC711925,0.852113
WC711926,0.038647
WC711927,0.02795
WC711928,0.023791
WC711929,0.227045
WC711930,0.744731
WC711931,0.195139
WC711932,0.227767
WC711933,0.211899
WC711934,0.079527
WC711935,0.994023
WC711936,0.055663
WC711937,0.026096
WC711938,0.118722
WC711939,0.065124
WC711940,0.144034
WC711941,0.108612
WC711942,0.469557
WC711943,0.051275
WC711944,0.059208
WC711945,0.120773
WC711946,0.993012
WC711947,0.027586
WC711948,0.109955
WC711949,0.369484
WC711950,0.993923
WC711951,0.028135
WC711952,0.223194
WC711953,0.024651
WC711954,0.029644
WC711955,0.608644
WC711956,0.024907
WC711957,0.030553
WC711958,0.756122
WC711959,0.030677
WC711960,0.761167
WC711961,0.06253
WC711962,0.038388
WC711963,0.803912
WC711964,0.914651
WC711965,0.041852
WC711966,0.125784
WC711967,0.057898
WC711968,0.171834
WC711969,0.046366
WC711970,0.03807
WC711971,0.262122
WC711972,0.032295
WC711973,0.166817
WC711974,0.037409
WC711975,0.030001
WC711976,0.94702
WC711977,0.12876
WC711978,0.046745
WC711979,0.124432
WC711980,0.320145
WC711981,0.033054
WC711982,0.045316
WC711983,0.239871
WC711984,0.99658
WC711985,0.035517
WC711986,0.025559
WC711987,0.830343
WC711988,0.058246
WC711989,0.075474
WC711990,0.045178
WC711991,0.864368
WC711992,0.185523
WC711993,0.09298
WC711994,0.024264
WC711995,0.039536
WC711996,0.864259
WC711997,0.031567
WC711998,0.208654
WC711999,0.031286
WC712000,0.974439
WC712001,0.106914
WC712002,0.059279
WC712003,0.030698
WC712004,0.330444
WC712005,0.020332
WC712006,0.057692
WC712007,0.127947
WC712008,0.962095
WC712009,0.182294
WC712010,0.707362
WC712011,0.187422
WC712012,0.994129
WC712013,0.027799
WC712014,0.020107
WC712015,0.864569
WC712016,0.024006
WC712017,0.028572
WC712018,0.082552
WC712019,0.096021
WC712020,0.033577
WC712021,0.922489
WC712022,0.032231
WC712023,0.062821
WC712024,0.028023
WC712025,0.907038
WC712026,0.085344
WC712027,0.995632
WC712028,0.619017
WC712029,0.028498
WC712030,0.129232
WC712031,0.358228
WC712032,0.640519
WC712033,0.056917
WC712034,0.036847
WC712035,0.020878
WC712036,0.048875
WC712037,0.058155
WC712038,0.028788
WC712039,0.897592
WC712040,0.026416
WC712041,0.208896
WC712042,0.034478
WC712043,0.362407
WC712044,0.027389
WC712045,0.023522
WC712046,0.02895
WC712047,0.104697
WC712048,0.128256
WC712049,0.062611
WC712050,0.160087
WC712051,0.231897
WC712052,0.063168
WC712053,0.059577
WC712054,0.278075
WC712055,0.048713
WC712056,0.030208
WC712057,0.948242
WC712058,0.464776
WC712059,0.089158
WC712060,0.025595
WC712061,0.143316
WC712062,0.251845
WC712063,0.224437
WC712064,0.182145
WC712065,0.157104
WC712066,0.035131
WC712067,0.935889
WC712068,0.033409
WC712069,0.034415
WC712070,0.038569
WC712071,0.185689
WC712072,0.03575
WC712073,0.958473
WC712074,0.265447
WC712075,0.128606
WC712076,0.948874
WC712077,0.217226
WC712078,0.09722
WC712079,0.188274
WC712080,0.847598
WC712081,0.223605
WC712082,0.028132
WC712083,0.355983
WC712084,0.521457
WC712085,0.088142
WC712086,0.591639
WC712087,0.05447
WC712088,0.039879
WC712089,0.192343
WC712090,0.061317
WC712091,0.789001
WC712092,0.998102
WC712093,0.029093
WC712094,0.057762
WC712095,0.033349
WC712096,0.045016
WC712097,0.404523
WC712098,0.040623
WC712099,0.89271
WC712100,0.232761
WC712101,0.042907
WC712102,0.123283
WC712103,0.081713
WC712104,0.099676
WC712105,0.024787
WC712106,0.039692
WC712107,0.038446
WC712108,0.028371
WC712109,0.044891
WC712110,0.898246
WC712111,0.296451
WC712112,0.025991
WC712113,0.03137
WC712114,0.041201
WC712115,0.025217
WC712116,0.026023
WC712117,0.349695
WC712118,0.028667
WC712119,0.677017
WC712120,0.039525
WC712121,0.038196
WC712122,0.160796
WC712123,0.046923
WC712124,0.162567
WC712125,0.068484
WC712126,0.027324
WC712127,0.123163
WC712128,0.996279
WC712129,0.150037
WC712130,0.095251
WC712131,0.019334
WC712132,0.882428
WC712133,0.574813
WC712134,0.073823
WC712135,0.170776
WC712136,0.026912
WC712137,0.070573
WC712138,0.927816
WC712139,0.166093
WC712140,0.055241
WC712141,0.382014
WC712142,0.035112
WC712143,0.022376
WC712144,0.103557
WC712145,0.047176
WC712146,0.27829
WC712147,0.034489
WC712148,0.129109
WC712149,0.119608
WC712150,0.023998
WC712151,0.054132
WC712152,0.91391
WC712153,0.023815
WC712154,0.038204
WC712155,0.218424
WC712156,0.869991
WC712157,0.148375
WC712158,0.217399
WC712159,0.942979
WC712160,0.209356
WC712161,0.146178
WC712162,0.210565
WC712163,0.897992
WC712164,0.103506
WC712165,0.54795
WC712166,0.149692
WC712167,0.102776
WC712168,0.05009
WC712169,0.050852
WC712170,0.081615
WC712171,0.031997
WC712172,0.973666
WC712173,0.950298
WC712174,0.936213
WC712175,0.752719
WC712176,0.138057
WC712177,0.139878
WC712178,0.24486
WC712179,0.622196
WC712180,0.99883
WC712181,0.069509
WC712182,0.135371
WC712183,0.140828
WC712184,0.9137
WC712185,0.948134
WC712186,0.993012
WC712187,0.903699
WC712188,0.195021
WC712189,0.048211
WC712190,0.0972
WC712191,0.35842
WC712192,0.067556
WC712193,0.028157
WC712194,0.033976
WC712195,0.080723
WC712196,0.1839
WC712197,0.04296
WC712198,0.13147
WC712199,0.053776
WC712200,0.134361
WC712201,0.073941
WC712202,0.580838
WC712203,0.283847
WC712204,0.671604
WC712205,0.071286
WC712206,0.369353
WC712207,0.322436
WC712208,0.084976
WC712209,0.026835
WC712210,0.06609
WC712211,0.025391
WC712212,0.062423
WC712213,0.435106
WC712214,0.067527
WC712215,0.023696
WC712216,0.035685
WC712217,0.078721
WC712218,0.434495
WC712219,0.069536
WC712220,0.040111
WC712221,0.403475
WC712222,0.891237
WC712223,0.14158
WC712224,0.503444
WC712225,0.055239
WC712226,0.997541
WC712227,0.947649
WC712228,0.990363
WC712229,0.128722
WC712230,0.099985
WC712231,0.028088
WC712232,0.892599
WC712233,0.051556
WC712234,0.924935
WC712235,0.114156
WC712236,0.021935
WC712237,0.039816
WC712238,0.032525
WC712239,0.908792
WC712240,0.053649
WC712241,0.034295
WC712242,0.029123
WC712243,0.077448
WC712244,0.081956
WC712245,0.03445
WC712246,0.1362
WC712247,0.185048
WC712248,0.029762
WC712249,0.040406
WC712250,0.929333
WC712251,0.050057
WC712252,0.99228
WC712253,0.050286
WC712254,0.901284
WC712255,0.368256
WC712256,0.030088
WC712257,0.056791
WC712258,0.104423
WC712259,0.023458
WC712260,0.106643
WC712261,0.756912
WC712262,0.051936
WC712263,0.02616
WC712264,0.282455
WC712265,0.372658
WC712266,0.25039
WC712267,0.12895
WC712268,0.264792
WC712269,0.110341
WC712270,0.026788
WC712271,0.969098
WC712272,0.123488
WC712273,0.943249
WC712274,0.51322
WC712275,0.134037
WC712276,0.104205
WC712277,0.11635
WC712278,0.031344
WC712279,0.104562
WC712280,0.038898
WC712281,0.161711
WC712282,0.114767
WC712283,0.902765
WC712284,0.302958
WC712285,0.157549
WC712286,0.041387
WC712287,0.024192
WC712288,0.199042
WC712289,0.921985
WC712290,0.837049
WC712291,0.115716
WC712292,0.03695
WC712293,0.053377
WC712294,0.958946
WC712295,0.518686
WC712296,0.055169
WC712297,0.030485
WC712298,0.025566
WC712299,0.03601
WC712300,0.370266
WC712301,0.11387
WC712302,0.118429
WC712303,0.101842
WC712304,0.142683
WC712305,0.127467
WC712306,0.040918
WC712307,0.031423
WC712308,0.981127
WC712309,0.12537
WC712310,0.332366
WC712311,0.028475
WC712312,0.090652
WC712313,0.037281
WC712314,0.263
WC712315,0.13074
WC712316,0.108577
WC712317,0.101495
WC712318,0.671888
WC712319,0.024585
WC712320,0.925578
WC712321,0.02244
WC712322,0.04825
WC712323,0.024091
WC712324,0.080642
WC712325,0.180585
WC712326,0.059987
WC712327,0.127274
WC712328,0.23752
WC712329,0.997632
WC712330,0.920931
WC712331,0.380957
WC712332,0.025239
WC712333,0.06273
WC712334,0.917448
WC712335,0.036107
WC712336,0.039795
WC712337,0.088644
WC712338,0.022641
WC712339,0.037771
WC712340,0.345047
WC712341,0.029738
WC712342,0.054187
WC712343,0.534817
WC712344,0.065965
WC712345,0.219727
WC712346,0.183137
WC712347,0.992519
WC712348,0.153281
WC712349,0.108572
WC712350,0.027997
WC712351,0.039079
WC712352,0.089008
WC712353,0.04469
WC712354,0.928973
WC712355,0.13341
WC712356,0.910737
WC712357,0.11505
WC712358,0.995074
WC712359,0.040958
WC712360,0.02346
WC712361,0.108056
WC712362,0.05998
WC712363,0.032691
WC712364,0.912339
WC712365,0.949571
WC712366,0.699291
WC712367,0.097248
WC712368,0.114188
WC712369,0.532016
WC712370,0.838782
WC712371,0.298714
WC712372,0.735487
WC712373,0.198544
WC712374,0.028039
WC712375,0.069554
WC712376,0.034588
WC712377,0.062175
WC712378,0.986082
WC712379,0.161266
WC712380,0.994162
WC712381,0.962986
WC712382,0.926415
WC712383,0.155435
WC712384,0.253176
WC712385,0.149182
WC712386,0.111764
WC712387,0.026232
WC712388,0.676155
WC712389,0.148519
WC712390,0.346779
WC712391,0.899576
WC712392,0.098199
WC712393,0.060392
WC712394,0.321479
WC712395,0.052934
WC712396,0.063912
WC712397,0.932479
WC712398,0.038928
WC712399,0.208411
WC712400,0.999107
WC712401,0.053323
WC712402,0.98143
WC712403,0.042962
WC712404,0.041142
WC712405,0.32543
WC712406,0.106881
WC712407,0.115155
WC712408,0.112725
WC712409,0.066582
WC712410,0.046857
WC712411,0.023628
WC712412,0.893541
WC712413,0.070917
WC712414,0.563968
WC712415,0.05036
WC712416,0.160663
WC712417,0.033997
WC712418,0.059264
WC712419,0.059378
WC712420,0.163654
WC712421,0.029405
WC712422,0.029804
WC712423,0.217723
WC712424,0.02026
WC712425,0.949929
WC712426,0.486165
WC712427,0.355738
WC712428,0.045566
WC712429,0.142886
WC712430,0.546596
WC712431,0.122262
WC712432,0.13728
WC712433,0.47805
WC712434,0.27886
WC712435,0.97825
WC712436,0.150835
WC712437,0.039808
WC712438,0.618235
WC712439,0.385006
WC712440,0.028751
WC712441,0.298799
WC712442,0.0958
WC712443,0.375142
WC712444,0.066155
WC712445,0.030283
WC712446,0.033883
WC712447,0.022425
WC712448,0.082307
WC712449,0.151191
WC712450,0.508461
WC712451,0.241458
WC712452,0.892221
WC712453,0.054526
WC712454,0.579173
WC712455,0.124822
WC712456,0.180227
WC712457,0.035605
WC712458,0.066614
WC712459,0.172164
WC712460,0.036073
WC712461,0.133958
WC712462,0.119846
WC712463,0.529042
WC712464,0.03735
WC712465,0.973031
WC712466,0.138106
WC712467,0.271073
WC712468,0.044946
WC712469,0.021484
WC712470,0.028694
WC712471,0.085025
WC712472,0.050396
WC712473,0.032755
WC712474,0.623891
WC712475,0.448243
WC712476,0.025202
WC712477,0.998999
WC712478,0.951509
WC712479,0.033249
WC712480,0.867353
WC712481,0.027434
WC712482,0.908933
WC712483,0.03257
WC712484,0.165063
WC712485,0.141073
WC712486,0.990156
WC712487,0.103764
WC712488,0.112699
WC712489,0.352132
WC712490,0.031587
WC712491,0.905493
WC712492,0.025699
WC712493,0.994446
WC712494,0.026345
WC712495,0.355845
WC712496,0.340146
WC712497,0.034426
WC712498,0.059361
WC712499,0.058754
WC712500,0.023619
WC712501,0.025597
WC712502,0.032626
WC712503,0.06273
WC712504,0.029546
WC712505,0.184669
WC712506,0.606684
WC712507,0.223029
WC712508,0.908816
WC712509,0.216638
WC712510,0.919455
WC712511,0.137702
WC712512,0.038034
WC712513,0.032977
WC712514,0.033778
WC712515,0.102433
WC712516,0.887066
WC712517,0.028937
WC712518,0.036678
WC712519,0.878985
WC712520,0.129709
WC712521,0.139217
WC712522,0.034032
WC712523,0.024223
WC712524,0.029134
WC712525,0.100182
WC712526,0.947577
WC712527,0.224816
WC712528,0.125565
WC712529,0.118947
WC712530,0.353185
WC712531,0.083225
WC712532,0.037222
WC712533,0.063846
WC712534,0.198452
WC712535,0.869741
WC712536,0.038371
WC712537,0.082969
WC712538,0.941516
WC712539,0.051597
WC712540,0.196364
WC712541,0.030609
WC712542,0.26119
WC712543,0.067906
WC712544,0.531105
WC712545,0.109069
WC712546,0.912007
WC712547,0.204794
WC712548,0.046507
WC712549,0.029092
WC712550,0.021461
WC712551,0.025575
WC712552,0.117924
WC712553,0.06369
WC712554,0.141736
WC712555,0.023943
WC712556,0.948371
WC712557,0.181209
WC712558,0.027752
WC712559,0.028948
WC712560,0.038677
WC712561,0.130299
WC712562,0.035386
WC712563,0.036157
WC712564,0.023382
WC712565,0.052023
WC712566,0.213719
WC712567,0.677256
WC712568,0.207493
WC712569,0.929491
WC712570,0.268592
WC712571,0.058902
WC712572,0.548318
WC712573,0.248308
WC712574,0.045149
WC712575,0.13855
WC712576,0.034599
WC712577,0.314143
WC712578,0.877763
WC712579,0.095011
WC712580,0.165027
WC712581,0.064408
WC712582,0.0265
WC712583,0.034369
WC712584,0.185842
WC712585,0.05628
WC712586,0.102682
WC712587,0.234387
WC712588,0.216373
WC712589,0.088075
WC712590,0.183928
WC712591,0.932872
WC712592,0.151283
WC712593,0.176069
WC712594,0.155403
WC712595,0.102333
WC712596,0.03864
WC712597,0.022681
WC712598,0.030742
WC712599,0.173997
WC712600,0.052589
WC712601,0.050926
WC712602,0.043644
WC712603,0.284452
WC712604,0.065286
WC712605,0.059252
WC712606,0.023734
WC712607,0.029216
WC712608,0.16124
WC712609,0.087113
WC712610,0.106872
WC712611,0.21715
WC712612,0.105588
WC712613,0.036554
WC712614,0.027207
WC712615,0.029964
WC712616,0.085735
WC712617,0.060198
WC712618,0.040087
WC712619,0.14402
WC712620,0.049191
WC712621,0.022646
WC712622,0.339071
WC712623,0.024991
WC712624,0.859374
WC712625,0.138335
WC712626,0.468495
WC712627,0.031191
WC712628,0.032721
WC712629,0.027343
WC712630,0.9102
WC712631,0.02989
WC712632,0.148725
WC712633,0.113444
WC712634,0.067063
WC712635,0.032223
WC712636,0.033312
WC712637,0.037187
WC712638,0.019632
WC712639,0.028133
WC712640,0.995868
WC712641,0.133883
WC712642,0.927977
WC712643,0.038192
WC712644,0.948066
WC712645,0.048665
WC712646,0.029512
WC712647,0.1108
WC712648,0.087929
WC712649,0.019981
WC712650,0.031313
WC712651,0.221241
WC712652,0.041882
WC712653,0.022872
WC712654,0.02653
WC712655,0.37817
WC712656,0.035206
WC712657,0.108404
WC712658,0.092379
WC712659,0.998166
WC712660,0.846557
WC712661,0.907897
WC712662,0.124189
WC712663,0.485545
WC712664,0.194542
WC712665,0.394718
WC712666,0.148258
WC712667,0.106059
WC712668,0.032782
WC712669,0.999037
WC712670,0.033535
WC712671,0.310144
WC712672,0.435926
WC712673,0.033458
WC712674,0.553451
WC712675,0.044549
WC712676,0.877181
WC712677,0.038589
WC712678,0.029808
WC712679,0.029375
WC712680,0.196375
WC712681,0.14425
WC712682,0.378329
WC712683,0.029208
WC712684,0.052634
WC712685,0.030658
WC712686,0.250531
WC712687,0.031589
WC712688,0.025386
WC712689,0.060948
WC712690,0.174704
WC712691,0.04173
WC712692,0.737232
WC712693,0.390264
WC712694,0.022703
WC712695,0.055036
WC712696,0.032007
WC712697,0.986273
WC712698,0.051931
WC712699,0.213067
WC712700,0.027337
WC712701,0.297175
WC712702,0.88674
WC712703,0.043877
WC712704,0.314634
WC712705,0.028822
WC712706,0.235181
WC712707,0.045202
WC712708,0.042771
WC712709,0.958775
WC712710,0.135468
WC712711,0.207876
WC712712,0.91205
WC712713,0.03223
WC712714,0.032789
WC712715,0.866721
WC712716,0.177683
WC712717,0.285853
WC712718,0.065957
WC712719,0.094668
WC712720,0.144264
WC712721,0.784596
WC712722,0.0336
WC712723,0.031372
WC712724,0.996434
WC712725,0.046895
WC712726,0.676575
WC712727,0.103109
WC712728,0.06334
WC712729,0.282672
WC712730,0.09716
WC712731,0.049708
WC712732,0.01636
WC712733,0.030194
WC712734,0.992905
WC712735,0.999105
WC712736,0.036474
WC712737,0.065076
WC712738,0.055921
WC712739,0.99414
WC712740,0.125952
WC712741,0.036359
WC712742,0.875461
WC712743,0.074051
WC712744,0.024679
WC712745,0.030635
WC712746,0.024852
WC712747,0.026128
WC712748,0.893618
WC712749,0.94248
WC712750,0.231716
WC712751,0.923178
WC712752,0.956964
WC712753,0.036958
WC712754,0.990261
WC712755,0.034911
WC712756,0.03273
WC712757,0.049865
WC712758,0.03853
WC712759,0.112779
WC712760,0.361633
WC712761,0.14781
WC712762,0.048995
WC712763,0.064914
WC712764,0.024095
WC712765,0.025762
WC712766,0.167251
WC712767,0.111397
WC712768,0.886556
WC712769,0.086639
WC712770,0.335138
WC712771,0.046184
WC712772,0.034698
WC712773,0.136407
WC712774,0.108614
WC712775,0.451696
WC712776,0.978718
WC712777,0.373175
WC712778,0.092059
WC712779,0.043174
WC712780,0.998322
WC712781,0.142017
WC712782,0.063432
WC712783,0.030397
WC712784,0.103712
WC712785,0.062444
WC712786,0.998244
WC712787,0.235847
WC712788,0.420719
WC712789,0.041444
WC712790,0.336948
WC712791,0.343111
WC712792,0.051379
WC712793,0.030843
WC712794,0.023991
WC712795,0.026671
WC712796,0.035957
WC712797,0.249383
WC712798,0.050132
WC712799,0.024262
WC712800,0.081585
WC712801,0.986333
WC712802,0.0234
WC712803,0.024922
WC712804,0.0278
WC712805,0.023153
WC712806,0.90449
WC712807,0.054889
WC712808,0.03431
WC712809,0.084621
WC712810,0.941976
WC712811,0.126979
WC712812,0.992875
WC712813,0.953554
WC712814,0.147474
WC712815,0.044864
WC712816,0.030521
WC712817,0.454464
WC712818,0.943186
WC712819,0.366041
WC712820,0.302435
WC712821,0.109119
WC712822,0.256711
WC712823,0.031721
WC712824,0.116332
WC712825,0.041628
WC712826,0.046455
WC712827,0.06589
WC712828,0.050042
WC712829,0.067982
WC712830,0.047059
WC712831,0.031632
WC712832,0.992161
WC712833,0.923352
WC712834,0.058295
WC712835,0.950277
WC712836,0.020695
WC712837,0.172972
WC712838,0.040832
WC712839,0.180897
WC712840,0.937647
WC712841,0.347661
WC712842,0.04524
WC712843,0.055952
WC712844,0.956498
WC712845,0.026998
WC712846,0.053031
WC712847,0.023736
WC712848,0.322155
WC712849,0.046259
WC712850,0.029499
WC712851,0.057372
WC712852,0.046459
WC712853,0.14625
WC712854,0.052087
WC712855,0.915329
WC712856,0.239937
WC712857,0.054743
WC712858,0.078191
WC712859,0.034774
WC712860,0.058544
WC712861,0.600629
WC712862,0.567429
WC712863,0.029323
WC712864,0.100788
WC712865,0.03998
WC712866,0.065221
WC712867,0.030559
WC712868,0.442154
WC712869,0.025168
WC712870,0.03965
WC712871,0.183881
WC712872,0.031
WC712873,0.031998
WC712874,0.150232
WC712875,0.039445
WC712876,0.03063
WC712877,0.345339
WC712878,0.059797
WC712879,0.027664
WC712880,0.915801
WC712881,0.484095
WC712882,0.251516
WC712883,0.178765
WC712884,0.027906
WC712885,0.574721
WC712886,0.889702
WC712887,0.286831
WC712888,0.038708
WC712889,0.132
WC712890,0.026182
WC712891,0.200013
WC712892,0.940345
WC712893,0.437504
WC712894,0.20281
WC712895,0.896321
WC712896,0.896809
WC712897,0.052468
WC712898,0.122814
WC712899,0.863972
WC712900,0.96538
WC712901,0.91205
WC712902,0.068044
WC712903,0.938754
WC712904,0.033512
WC712905,0.031073
WC712906,0.066047
WC712907,0.998078
WC712908,0.075301
WC712909,0.027801
WC712910,0.411626
WC712911,0.028495
WC712912,0.041304
WC712913,0.082728
WC712914,0.033313
WC712915,0.311577
WC712916,0.922974
WC712917,0.457539
WC712918,0.997527
WC712919,0.433442
WC712920,0.415735
WC712921,0.995915
WC712922,0.903224
WC712923,0.036955
WC712924,0.182688
WC712925,0.078826
WC712926,0.950003
WC712927,0.033858
WC712928,0.897659
WC712929,0.056806
WC712930,0.897496
WC712931,0.386211
WC712932,0.031487
WC712933,0.965469
WC712934,0.065856
WC712935,0.192914
WC712936,0.494255
WC712937,0.123131
WC712938,0.995164
WC712939,0.034264
WC712940,0.036292
WC712941,0.068865
WC712942,0.045854
WC712943,0.892458
WC712944,0.099483
WC712945,0.029055
WC712946,0.081333
WC712947,0.083825
WC712948,0.229466
WC712949,0.024346
WC712950,0.161114
WC712951,0.870779
WC712952,0.043488
WC712953,0.020293
WC712954,0.089543
WC712955,0.913588
WC712956,0.962835
WC712957,0.236894
WC712958,0.050098
WC712959,0.142702
WC712960,0.266708
WC712961,0.095781
WC712962,0.653469
WC712963,0.040449
WC712964,0.027603
WC712965,0.153885
WC712966,0.058676
WC712967,0.033338
WC712968,0.023314
WC712969,0.025384
WC712970,0.078996
WC712971,0.138511
WC712972,0.996646
WC712973,0.506077
WC712974,0.953941
WC712975,0.030073
WC712976,0.314114
WC712977,0.210004
WC712978,0.892819
WC712979,0.93183
WC712980,0.055663
WC712981,0.215534
WC712982,0.924941
WC712983,0.033927
WC712984,0.086202
WC712985,0.067045
WC712986,0.051115
WC712987,0.461861
WC712988,0.203437
WC712989,0.027488
WC712990,0.97831
WC712991,0.41131
WC712992,0.051862
WC712993,0.099826
WC712994,0.031827
WC712995,0.899265
WC712996,0.031317
WC712997,0.041286
WC712998,0.030223
WC712999,0.288461
WC713000,0.902032
WC713001,0.033083
WC713002,0.242085
WC713003,0.033609
WC713004,0.09031
WC713005,0.026806
WC713006,0.431565
WC713007,0.026798
WC713008,0.025194
WC713009,0.10523
WC713010,0.154956
WC713011,0.052979
WC713012,0.260097
WC713013,0.229815
WC713014,0.118235
WC713015,0.040931
WC713016,0.812955
WC713017,0.241367
WC713018,0.032427
WC713019,0.023707
WC713020,0.998409
WC713021,0.023058
WC713022,0.146837
WC713023,0.366866
WC713024,0.698058
WC713025,0.13641
WC713026,0.035393
WC713027,0.89945
WC713028,0.904134
WC713029,0.997984
WC713030,0.143713
WC713031,0.231344
WC713032,0.776283
WC713033,0.142064
WC713034,0.267473
WC713035,0.162842
WC713036,0.954348
WC713037,0.058615
WC713038,0.115853
WC713039,0.078726
WC713040,0.995683
WC713041,0.042933
WC713042,0.208971
WC713043,0.090601
WC713044,0.048405
WC713045,0.133205
WC713046,0.149692
WC713047,0.580817
WC713048,0.949118
WC713049,0.031495
WC713050,0.039299
WC713051,0.065606
WC713052,0.996081
WC713053,0.497101
WC713054,0.026625
WC713055,0.024534
WC713056,0.997903
WC713057,0.913844
WC713058,0.996251
WC713059,0.195416
WC713060,0.069517
WC713061,0.029344
WC713062,0.046061
WC713063,0.167911
WC713064,0.026336
WC713065,0.025635
WC713066,0.027515
WC713067,0.052866
WC713068,0.918586
WC713069,0.181476
WC713070,0.270823
WC713071,0.944141
WC713072,0.068919
WC713073,0.056198
WC713074,0.077398
WC713075,0.063901
WC713076,0.034823
WC713077,0.418267
WC713078,0.054719
WC713079,0.729391
WC713080,0.171519
WC713081,0.029129
WC713082,0.025961
WC713083,0.044234
WC713084,0.032805
WC713085,0.035439
WC713086,0.029888
WC713087,0.154775
WC713088,0.299339
WC713089,0.087779
WC713090,0.224367
WC713091,0.034154
WC713092,0.369329
WC713093,0.022372
WC713094,0.050653
WC713095,0.03521
WC713096,0.040844
WC713097,0.065944
WC713098,0.995749
WC713099,0.233109
WC713100,0.184425
WC713101,0.021557
WC713102,0.042262
WC713103,0.128635
WC713104,0.994715
WC713105,0.023161
WC713106,0.917496
WC713107,0.16101
WC713108,0.201868
WC713109,0.028318
WC713110,0.150421
WC713111,0.032055
WC713112,0.022376
WC713113,0.035159
WC713114,0.12773
WC713115,0.124756
WC713116,0.130276
WC713117,0.996008
WC713118,0.995686
WC713119,0.057329
WC713120,0.877067
WC713121,0.216057
WC713122,0.992053
WC713123,0.058772
WC713124,0.223902
WC713125,0.0323
WC713126,0.025387
WC713127,0.025194
WC713128,0.030245
WC713129,0.046909
WC713130,0.430001
WC713131,0.031453
WC713132,0.187602
WC713133,0.032495
WC713134,0.960763
WC713135,0.043468
WC713136,0.897881
WC713137,0.3667
WC713138,0.138227
WC713139,0.033412
WC713140,0.992328
WC713141,0.033761
WC713142,0.119109
WC713143,0.312244
WC713144,0.030515
WC713145,0.147175
WC713146,0.224445
WC713147,0.912721
WC713148,0.025184
WC713149,0.067613
WC713150,0.153474
WC713151,0.532217
WC713152,0.243388
WC713153,0.235137
WC713154,0.11916
WC713155,0.979418
WC713156,0.079368
WC713157,0.929012
WC713158,0.221606
WC713159,0.915435
WC713160,0.962195
WC713161,0.030327
WC713162,0.106487
WC713163,0.078856
WC713164,0.027542
WC713165,0.039644
WC713166,0.026032
WC713167,0.03956
WC713168,0.131608
WC713169,0.518178
WC713170,0.020015
WC713171,0.026607
WC713172,0.765201
WC713173,0.024785
WC713174,0.086627
WC713175,0.057167
WC713176,0.031983
WC713177,0.111557
WC713178,0.036435
WC713179,0.09941
WC713180,0.579318
WC713181,0.078451
WC713182,0.561519
WC713183,0.122877
WC713184,0.034134
WC713185,0.036377
WC713186,0.100646
WC713187,0.051955
WC713188,0.030916
WC713189,0.18445
WC713190,0.023909
WC713191,0.997621
WC713192,0.028334
WC713193,0.919725
WC713194,0.059664
WC713195,0.106051
WC713196,0.877281
WC713197,0.12429
WC713198,0.173287
WC713199,0.702572
WC713200,0.05396
WC713201,0.025368
WC713202,0.114413
WC713203,0.071162
WC713204,0.064487
WC713205,0.945842
WC713206,0.035296
WC713207,0.046251
WC713208,0.040187
WC713209,0.028336
WC713210,0.325089
WC713211,0.162057
WC713212,0.031592
WC713213,0.90419
WC713214,0.034284
WC713215,0.073423
WC713216,0.070919
WC713217,0.056083
WC713218,0.039393
WC713219,0.067296
WC713220,0.079568
WC713221,0.023906
WC713222,0.997741
WC713223,0.993394
WC713224,0.998698
WC713225,0.142881
WC713226,0.300375
WC713227,0.075444
WC713228,0.062488
WC713229,0.823951
WC713230,0.065074
WC713231,0.44764
WC713232,0.03483
WC713233,0.076359
WC713234,0.140248
WC713235,0.064947
WC713236,0.057007
WC713237,0.025741
WC713238,0.86946
WC713239,0.032765
WC713240,0.46688
WC713241,0.050665
WC713242,0.110705
WC713243,0.034352
WC713244,0.089793
WC713245,0.018511
WC713246,0.103819
WC713247,0.026337
WC713248,0.019667
WC713249,0.058874
WC713250,0.23843
WC713251,0.183313
WC713252,0.144137
WC713253,0.063379
WC713254,0.022256
WC713255,0.901388
WC713256,0.043252
WC713257,0.056313
WC713258,0.208658
WC713259,0.102919
WC713260,0.953645
WC713261,0.048466
WC713262,0.946679
WC713263,0.059564
WC713264,0.392461
WC713265,0.312655
WC713266,0.098205
WC713267,0.249118
WC713268,0.030655
WC713269,0.10588
WC713270,0.028849
WC713271,0.026849
WC713272,0.241805
WC713273,0.041427
WC713274,0.339624
WC713275,0.441148
WC713276,0.08405
WC713277,0.022953
WC713278,0.949838
WC713279,0.339256
WC713280,0.113934
WC713281,0.098119
WC713282,0.367257
WC713283,0.918054
WC713284,0.04215
WC713285,0.098607
WC713286,0.117576
WC713287,0.165299
WC713288,0.024997
WC713289,0.967629
WC713290,0.022428
WC713291,0.01636
WC713292,0.949206
WC713293,0.025146
WC713294,0.075543
WC713295,0.033417
WC713296,0.063977
WC713297,0.026009
WC713298,0.025461
WC713299,0.031904
WC713300,0.938435
WC713301,0.611487
WC713302,0.068816
WC713303,0.084555
WC713304,0.955308
WC713305,0.065645
WC713306,0.480621
WC713307,0.541334
WC713308,0.024383
WC713309,0.021638
WC713310,0.401838
WC713311,0.100524
WC713312,0.030268
WC713313,0.036554
WC713314,0.297095
WC713315,0.92927
WC713316,0.882728
WC713317,0.040374
WC713318,0.851419
WC713319,0.032473
WC713320,0.144335
WC713321,0.577417
WC713322,0.381346
WC713323,0.023668
WC713324,0.021242
WC713325,0.949206
WC713326,0.018266
WC713327,0.041247
WC713328,0.050577
WC713329,0.057962
WC713330,0.889101
WC713331,0.974287
WC713332,0.4749
WC713333,0.039706
WC713334,0.872971
WC713335,0.049827
WC713336,0.034262
WC713337,0.025672
WC713338,0.048871
WC713339,0.03123
WC713340,0.923144
WC713341,0.515876
WC713342,0.993119
WC713343,0.154235
WC713344,0.123479
WC713345,0.288065
WC713346,0.067658
WC713347,0.208174
WC713348,0.089723
WC713349,0.064947
WC713350,0.967988
WC713351,0.098064
WC713352,0.13287
WC713353,0.103106
WC713354,0.029222
WC713355,0.150125
WC713356,0.05987
WC713357,0.119076
WC713358,0.063596
WC713359,0.592854
WC713360,0.034525
WC713361,0.220679
WC713362,0.859753
WC713363,0.292052
WC713364,0.276025
WC713365,0.026235
WC713366,0.10256
WC713367,0.901523
WC713368,0.87706
WC713369,0.029475
WC713370,0.056762
WC713371,0.892221
WC713372,0.879271
WC713373,0.037011
WC713374,0.107935
WC713375,0.152406
WC713376,0.031696
WC713377,0.068658
WC713378,0.394714
WC713379,0.082401
WC713380,0.052774
WC713381,0.033574
WC713382,0.206883
WC713383,0.028443
WC713384,0.130471
WC713385,0.057534
WC713386,0.026619
WC713387,0.024781
WC713388,0.304674
WC713389,0.109037
WC713390,0.134901
WC713391,0.055423
WC713392,0.98823
WC713393,0.10636
WC713394,0.103661
WC713395,0.258469
WC713396,0.023932
WC713397,0.921434
WC713398,0.030347
WC713399,0.16386
WC713400,0.823273
WC713401,0.088083
WC713402,0.029188
WC713403,0.976131
WC713404,0.461779
WC713405,0.152205
WC713406,0.102493
WC713407,0.041459
WC713408,0.022093
WC713409,0.163243
WC713410,0.031082
WC713411,0.150108
WC713412,0.024596
WC713413,0.887629
WC713414,0.032714
WC713415,0.028786
WC713416,0.021678
WC713417,0.842288
WC713418,0.995772
WC713419,0.03386
WC713420,0.241596
WC713421,0.069037
WC713422,0.027539
WC713423,0.310302
WC713424,0.413893
WC713425,0.062377
WC713426,0.155827
WC713427,0.236272
WC713428,0.051679
WC713429,0.375079
WC713430,0.052283
WC713431,0.028249
WC713432,0.020338
WC713433,0.371679
WC713434,0.048841
WC713435,0.378189
WC713436,0.07038
WC713437,0.033148
WC713438,0.543122
WC713439,0.992262
WC713440,0.924196
WC713441,0.031317
WC713442,0.116708
WC713443,0.099858
WC713444,0.110828
WC713445,0.911739
WC713446,0.025775
WC713447,0.027493
WC713448,0.026087
WC713449,0.879147
WC713450,0.036858
WC713451,0.029012
WC713452,0.946777
WC713453,0.0311
WC713454,0.118564
WC713455,0.991982
WC713456,0.200411
WC713457,0.122339
WC713458,0.201989
WC713459,0.508746
WC713460,0.048186
WC713461,0.39602
WC713462,0.035938
WC713463,0.022265
WC713464,0.19097
WC713465,0.036384
WC713466,0.05219
WC713467,0.077412
WC713468,0.034157
WC713469,0.031327
WC713470,0.037168
WC713471,0.037372
WC713472,0.041913
WC713473,0.996201
WC713474,0.029048
WC713475,0.038747
WC713476,0.252615
WC713477,0.137094
WC713478,0.016276
WC713479,0.022153
WC713480,0.03486
WC713481,0.866436
WC713482,0.033988
WC713483,0.023679
WC713484,0.344811
WC713485,0.846381
WC713486,0.048044
WC713487,0.030685
WC713488,0.026756
WC713489,0.035067
WC713490,0.106005
WC713491,0.041036
WC713492,0.940034
WC713493,0.150554
WC713494,0.032854
WC713495,0.17785
WC713496,0.090116
WC713497,0.998647
WC713498,0.140138
WC713499,0.159143
WC713500,0.037814
WC713501,0.035259
WC713502,0.119367
WC713503,0.095661
WC713504,0.019645
WC713505,0.06787
WC713506,0.427924
WC713507,0.884242
WC713508,0.972784
WC713509,0.023882
WC713510,0.201574
WC713511,0.047263
WC713512,0.04743
WC713513,0.031313
WC713514,0.997841
WC713515,0.980971
WC713516,0.042174
WC713517,0.053166
WC713518,0.037291
WC713519,0.076233
WC713520,0.049402
WC713521,0.018196
WC713522,0.159433
WC713523,0.108207
WC713524,0.022123
WC713525,0.065289
WC713526,0.13933
WC713527,0.052442
WC713528,0.961714
WC713529,0.038735
WC713530,0.114719
WC713531,0.139939
WC713532,0.020249
WC713533,0.335082
WC713534,0.991718
WC713535,0.282419
WC713536,0.051258
WC713537,0.028653
WC713538,0.133195
WC713539,0.109958
WC713540,0.226586
WC713541,0.418618
WC713542,0.12419
WC713543,0.026234
WC713544,0.037636
WC713545,0.027745
WC713546,0.994773
WC713547,0.127947
WC713548,0.019542
WC713549,0.022584
WC713550,0.079082
WC713551,0.885599
WC713552,0.129389
WC713553,0.131058
WC713554,0.048732
WC713555,0.186637
WC713556,0.595889
WC713557,0.037752
WC713558,0.913828
WC713559,0.036209
WC713560,0.03283
WC713561,0.181955
WC713562,0.613885
WC713563,0.156895
WC713564,0.024422
WC713565,0.137727
WC713566,0.024621
WC713567,0.606781
WC713568,0.198164
WC713569,0.058653
WC713570,0.047253
WC713571,0.997468
WC713572,0.032579
WC713573,0.995894
WC713574,0.02007
WC713575,0.135134
WC713576,0.070264
WC713577,0.088259
WC713578,0.620151
WC713579,0.029093
WC713580,0.04551
WC713581,0.937652
WC713582,0.337926
WC713583,0.05875
WC713584,0.145368
WC713585,0.953707
WC713586,0.238916
WC713587,0.10687
WC713588,0.303176
WC713589,0.285032
WC713590,0.084074
WC713591,0.065244
WC713592,0.032643
WC713593,0.035188
WC713594,0.101628
WC713595,0.359028
WC713596,0.083963
WC713597,0.060679
WC713598,0.031411
WC713599,0.020605
